{"cameraMode":{"drawMode":0,"name":"Shaded","section":"Shading Mode"},"sceneLighting":true,"audioPlay":false,"sceneViewState":{"m_AlwaysRefresh":false,"showFog":true,"showSkybox":true,"showFlares":true,"showImageEffects":true,"showParticleSystems":true,"showVisualEffectGraphs":true,"m_FxEnabled":true},"in2DMode":false,"pivot":{"x":-0.07337407767772675,"y":-0.6070709228515625,"z":-0.9351115226745606},"rotation":{"x":-0.34690937399864199,"y":0.01322130300104618,"z":-0.004891515709459782,"w":-0.9377956986427307},"size":4.932044982910156,"orthographic":false}