{"cameraMode":{"drawMode":0,"name":"Shaded","section":"Shading Mode"},"sceneLighting":true,"audioPlay":false,"sceneViewState":{"m_AlwaysRefresh":false,"showFog":true,"showSkybox":true,"showFlares":true,"showImageEffects":true,"showParticleSystems":true,"showVisualEffectGraphs":true,"m_FxEnabled":true},"in2DMode":false,"pivot":{"x":353.7940673828125,"y":342.9061584472656,"z":103.11553955078125},"rotation":{"x":-0.01380376610904932,"y":-0.027896124869585038,"z":0.00038464198587462306,"w":-0.999517560005188},"size":177.0483856201172,"orthographic":false}