{"cameraMode":{"drawMode":0,"name":"Shaded","section":"Shading Mode"},"sceneLighting":true,"audioPlay":false,"sceneViewState":{"m_AlwaysRefresh":false,"showFog":true,"showSkybox":true,"showFlares":true,"showImageEffects":true,"showParticleSystems":true,"showVisualEffectGraphs":true,"m_FxEnabled":true},"in2DMode":false,"pivot":{"x":0.2466614693403244,"y":0.5409852266311646,"z":0.6665165424346924},"rotation":{"x":-0.21166492998600007,"y":0.016709178686141969,"z":-0.003619351191446185,"w":-0.9771947264671326},"size":2.6057140827178957,"orthographic":false}