{"cameraMode":{"drawMode":0,"name":"Shaded","section":"Shading Mode"},"sceneLighting":true,"audioPlay":false,"sceneViewState":{"m_AlwaysRefresh":false,"showFog":true,"showSkybox":true,"showFlares":true,"showImageEffects":true,"showParticleSystems":true,"showVisualEffectGraphs":true,"m_FxEnabled":true},"in2DMode":false,"pivot":{"x":-8.73680305480957,"y":1.5363340377807618,"z":-0.6648564338684082},"rotation":{"x":-0.34118279814720156,"y":0.025938494130969049,"z":-0.00941516738384962,"w":-0.9396020174026489},"size":3.963540554046631,"orthographic":false}