{"cameraMode":{"drawMode":0,"name":"Shaded","section":"Shading Mode"},"sceneLighting":true,"audioPlay":false,"sceneViewState":{"m_AlwaysRefresh":false,"showFog":true,"showSkybox":true,"showFlares":true,"showImageEffects":true,"showParticleSystems":true,"showVisualEffectGraphs":true,"m_FxEnabled":true},"in2DMode":false,"pivot":{"x":-6.4701128005981449,"y":3.879443883895874,"z":-3.357815742492676},"rotation":{"x":-0.3242530822753906,"y":0.021848058328032495,"z":-0.007488562725484371,"w":-0.9457012414932251},"size":12.29600715637207,"orthographic":false}