{"cameraMode":{"drawMode":0,"name":"Shaded","section":"Shading Mode"},"sceneLighting":true,"audioPlay":false,"sceneViewState":{"m_AlwaysRefresh":false,"showFog":true,"showSkybox":true,"showFlares":true,"showImageEffects":true,"showParticleSystems":true,"showVisualEffectGraphs":true,"m_FxEnabled":true},"in2DMode":false,"pivot":{"x":-0.07954330742359162,"y":-0.749373733997345,"z":16.343555450439454},"rotation":{"x":-0.13340984284877778,"y":-0.0038675284013152124,"z":0.0005200130981393158,"w":-0.9910553097724915},"size":12.12435531616211,"orthographic":false}